{
    "api": {
        "id": null,
        "worker-id": null
    },
    "http": {
        "enabled": false,
        "host": "127.0.0.1",
        "port": 0,
        "access-token": null,
        "restricted": true
    },
    "autosave": true,
    "background": false,
    "colors": true,
    "title": true,
    "randomx": {
        "init": -1,
        "init-avx2": -1,
        "mode": "auto",
        "1gb-pages": false,
        "rdmsr": true,
        "wrmsr": true,
        "cache_qos": false,
        "numa": true,
        "scratchpad_prefetch_mode": 1
    },
    "cpu": {
        "enabled": true,
        "huge-pages": true,
        "huge-pages-jit": false,
        "hw-aes": null,
        "priority": null,
        "memory-pool": false,
        "yield": true,
        "force-autoconfig": false,
        "max-threads-hint": 100,
        "max-cpu-usage": null,
        "asm": true,
        "argon2-impl": null,
        "cn/0": false,
        "cn-lite/0": false
    },
    "opencl": {
        "enabled": false,
        "cache": true,
        "loader": null,
        "platform": "AMD",
        "adl": true,
        "cn/0": false,
        "cn-lite/0": false
    },
    "cuda": {
        "enabled": false,
        "loader": null,
        "nvml": true,
        "cn/0": false,
        "cn-lite/0": false
    },
    "donate-level": 5,
    "donate-over-proxy": 1,
    "log-file": null,
    "pools": [
        {
            "algo": null,
            "coin": null,
            "url": "donate.graef.in:80",
            "user": "YOUR_WALLET_ADDRESS",
            "pass": "x",
            "rig-id": null,
            "nicehash": false,
            "keepalive": false,
            "enabled": true,
            "tls": false,
            "tls-fingerprint": null,
            "daemon": false,
            "socks5": null,
            "self-select": null,
            "submit-to-origin": false
        }
    ],
    "cc-client": {
        "enabled": true,
        "servers": [
            {
                "url": "localhost:3344",
                "access-token": "mySecret",
                "use-tls": false
            }
        ],
        "use-remote-logging": true,
        "upload-config-on-start": true,
        "worker-id": null,
        "reboot-cmd": null,
        "update-interval-s": 10,
        "retries-to-failover": 5
    },
    "print-time": 60,
    "health-print-time": 60,
    "dmi": true,
    "retries": 5,
    "retry-pause": 5,
    "syslog": false,
    "tls": {
        "enabled": false,
        "protocols": null,
        "cert": null,
        "cert_key": null,
        "ciphers": null,
        "ciphersuites": null,
        "dhparam": null
    },
    "dns": {
        "ipv6": false,
        "ttl": 30
    },
    "user-agent": null,
    "verbose": 0,
    "watch": true,
    "pause-on-battery": false,
    "pause-on-active": false
}
